ID,Title,Status,Epic,Type,Sprint,Day,Date,Story points,Depends on,Waits on others,Spec refs,Description,Acceptance criteria
PLAY-001,Confirm parlaplay.games root is ours and unused,To do,Vendors and email,chore,Sprint 1: Spec and vendors,Day 1,Thu Oct 8,1,,yes,"10.4, D1",Check the root domain before anything is built on it.,"parlaplay.games is a zone in the Cloudflare account that holds chie.parlaplay.games
The root and www have no records serving anything else
Result written into the spec's day 1 row"
PLAY-002,Create the SES domain identity for parlaplay.games,To do,Vendors and email,chore,Sprint 1: Spec and vendors,Day 1,Thu Oct 8,1,,yes,"6.3, D19",Add parlaplay.games as an SES identity in the Region Chi è? already uses.,"SES domain identity parlaplay.games created in the same account and Region as chie.parlaplay.games
SPF, DKIM and DMARC records added in Cloudflare DNS
Identity shows Verified"
PLAY-056,Create jennarbates/parlaplay with the spec and backlog,To do,Repo merge,chore,Sprint 1: Spec and vendors,Day 1,Thu Oct 8,1,,no,"5.1, D4",Done Wed Oct 7: the repo exists early so issues can link to the spec.,"jennarbates/parlaplay main is Chi è? main with its history plus docs/spec.md and planning/
Spec links in the issues open the right headings"
PLAY-003,Request owner review of the platform spec,To do,Spec sign-off,task,Sprint 1: Spec and vendors,Day 1,Thu Oct 8,1,,yes,10.1,Book a read of the whole spec with a return date of Wed Oct 14.,"Spec sent with a return date of Wed Oct 14
Comments collected in one place"
PLAY-004,Find a developer reviewer for sections 4 to 6,To do,Spec sign-off,task,Sprint 1: Spec and vendors,Day 1,Thu Oct 8,1,,yes,"10.1, 4, 5, 6","Ask a developer to review the shell contract, the merge plan and the data model.","Sections 4, 5 and 6 sent with a return date of Wed Oct 14
If nobody is available by Fri Oct 9, the owner's second paper trace is booked instead"
PLAY-005,Paper-trace both journeys in spec 10.1,To do,Spec sign-off,spike,Sprint 1: Spec and vendors,Day 2,Fri Oct 9,2,,no,"10.1, 2, 4.5, 5.3",Walk the new-guest journey and the Chi è? handoff journey using only the specs.,"Journey 1 traced: guest plays zh then it, signs in, second device, signs out
Journey 2 traced: an October Chi è? guest arrives through the handoff
Every guess logged as a fix or a TBD"
PLAY-006,Measure the largest handoff fragment on phones,To do,Handoff and redirects,spike,Sprint 1: Spec and vendors,Day 2,Fri Oct 9,2,,no,5.3,Find how much data a URL fragment can carry in a navigation on real phones.,"A test page navigates with 100 KB, 500 KB, 1 MB and 2 MB fragments
Tried on Safari on a real iPhone and Chrome on a real Android phone
The largest size that arrives intact is written into spec 5.3
If it is under 500 KB, spec 5.3 gets a decision (compress or split) and a decision log entry"
PLAY-007,Fold in the reviews and tag the spec v1,To do,Spec sign-off,task,Sprint 1: Spec and vendors,Day 3,Wed Oct 14,2,"PLAY-003, PLAY-004, PLAY-005, PLAY-006",no,"10.1, 1","Apply every review comment, resolve or move each TBD, and tag v1.","Every review comment applied or answered
Every TBD resolved or moved to section 11
Changelog line added and the spec tagged v1"
PLAY-008,Verify the remaining vendor facts,To do,Vendors and email,spike,Sprint 1: Spec and vendors,Day 3,Wed Oct 14,1,,no,"6.3, 9, References",Check the facts the spec marks TBD: verify.,"Sentry free plan limits checked on sentry.io and cited
Sign-in code lifetime read from the production Auth settings and matched in the email text
Each result written into the spec with its source"
PLAY-009,Tag chie-launch on Chi è? main,To do,Repo merge,chore,Sprint 2: Fork point,Day 5,Thu Oct 29,1,,no,"5.1, D20","Mark the exact commit Chi è? launched from, the fork point of the new repo.","Tag chie-launch on the commit deployed to chie.parlaplay.games
Tag pushed to jennarbates/Italian"
PLAY-010,Merge chie-launch into jennarbates/parlaplay,To do,Repo merge,chore,Sprint 2: Fork point,Day 6,Fri Oct 30,2,"PLAY-007, PLAY-009, PLAY-056",no,"5.1, D4",Bring Chi è? as launched into the new repo with a normal merge.,"main contains the chie-launch commit and git log shows Chi è? history
main is protected and needs green CI to merge
docs/games/it.md is the Chi è? spec; docs/spec.md is still this spec"
PLAY-011,Move Italian into src/languages/it and shared code into src/core,To do,Repo merge,task,Sprint 2: Fork point,Day 6,Fri Oct 30,3,PLAY-010,no,"5.1, 7, 9",Restructure with git mv so history follows every file.,"Folder structure matches spec 9
git log --follow shows Chi è? history for moved files
Every Chi è? unit and e2e test passes in the new layout"
PLAY-012,Import Shéi with its history into src/languages/zh,To do,Repo merge,task,Sprint 2: Fork point,Day 6,Fri Oct 30,3,PLAY-011,no,"5.1, 7","Bring in Shéi's engine, content, screens and art as spec 5.1 step 3 describes.","The merge commit has jennarbates/Chinese main as a parent
Shéi files live under src/languages/zh and git log --follow shows their history
docs/games/zh.md is the Shéi spec; docs/reviews holds the golden strings file
Every Shéi unit test passes in the new layout"
PLAY-013,Reconcile the shared code Shéi changed,To do,Repo merge,task,Sprint 2: Fork point,Day 6,Fri Oct 30,2,PLAY-012,no,"5.1, 3.2","Storage keys, prefs, slip rows and the SRS card list become module hooks instead of forks.","src/core has one copy of storage, sync, srs, prefs and progress
Language differences come only through the LanguageModule fields of spec 3.2
Both games' unit tests pass"
PLAY-014,Set up CI and Workers Builds for the new repo,To do,Repo merge,chore,Sprint 2: Fork point,Day 6,Fri Oct 30,2,PLAY-010,no,"9, 10.3","Typecheck, lint, Vitest and Playwright on every push, previews per pull request.","GitHub Actions runs typecheck, lint, Vitest and Playwright (Chromium, WebKit) with a local Supabase
Cloudflare Workers Builds builds each pull request to a preview URL
Both games' test suites run in CI and pass"
PLAY-015,Add the language registry with Zod validation,To do,Shell and routing,task,Sprint 3: Merged site on staging,Day 7,Mon Nov 2,1,PLAY-013,no,"3.1, 3.4","src/core/languages.json with the two entries of spec 3.1, checked at build time.","languages.json matches the spec 3.1 example
The content check plugin fails the build on an invalid entry
A test checks every code has a module folder and every folder a code (3.4.5)"
PLAY-016,Define the LanguageModule contract and both modules,To do,Shell and routing,task,Sprint 3: Merged site on staging,Day 7,Mon Nov 2,3,PLAY-015,no,"3.2, 3.5, D17",Each language exports one LanguageModule; the shell knows nothing else about a language.,"src/languages/it/index.ts and src/languages/zh/index.ts export the type of spec 3.2
Routes /{code}, /{code}/play and /{code}/progress come from the module
A test checks lexicon ids are disjoint across languages (3.4.3)"
PLAY-017,Build the pure shell reducer and routing rules,To do,Shell and routing,task,Sprint 3: Merged site on staging,Day 7,Mon Nov 2,3,PLAY-015,no,"4.1, 4.2, 4.3, D13, D14","reduce(state, action, registry) in src/core/state, with no React, DOM, network or clock.","Types match spec 4.1
Routing follows the order of spec 4.3
The engine purity lint rule and test cover src/core/state"
PLAY-018,Test the shell reducer,To do,Shell and routing,test,Sprint 3: Merged site on staging,Day 7,Mon Nov 2,3,PLAY-017,no,"4.2, 4.4, 4.5, 10.2",Unit and property tests for the shell contract.,"Every cell of the 4.2 table is a test
Each 4.3 routing rule is tested as the first match
fast-check sequences keep every 4.4 invariant
The 4.5 traced example and both variants pass"
PLAY-019,Lazy-load language modules and extend the bundle check,To do,Quality and performance,task,Sprint 3: Merged site on staging,Day 7,Mon Nov 2,2,PLAY-016,no,"9, D17",Each module loads with import() on first visit; the bundle check enforces the budgets.,"/languages initial JS is under 150 KB gzipped
/it and /zh are each under 250 KB gzipped with one module
The check fails if /zh loads the it module or /languages loads either"
PLAY-020,Namespace device storage keys by language,To do,Accounts and storage,task,Sprint 3: Merged site on staging,Day 8,Tue Nov 3,2,PLAY-016,no,"3.3, 3.4",IndexedDB database parlaplay with the keys of spec 3.3.,"Every key matches a pattern in the spec 3.3 table
The level before sign-in uses localStorage key parlaplay.level.{code}
A test checks every write by a language uses its own code (3.4.6)"
PLAY-021,Write migration 1 and its migration test,To do,Database and sync,task,Sprint 3: Merged site on staging,Day 8,Tue Nov 3,3,PLAY-013,no,"6.1, 6.2, D5, D8",supabase/migrations/20261103000000_languages.sql exactly as spec 6.2.,"The migration file matches spec 6.2
On a database seeded with init.sql data every old row becomes it and row counts are unchanged
language_settings holds one it row per profile with the profile's level
RLS refuses a review_log row whose game has the other language"
PLAY-022,Apply migration 1 to staging,To do,Database and sync,chore,Sprint 3: Merged site on staging,Day 8,Tue Nov 3,1,PLAY-021,no,6.2,Run migration 1 on parlaplay-staging with the Supabase CLI.,"supabase db push applies migration 1 to staging without errors
The staging projects are renamed parlaplay-staging and parlaplay-prod in the dashboard"
PLAY-023,"Make sync, replay and settings language-aware",To do,Database and sync,task,Sprint 3: Merged site on staging,Day 8,Tue Nov 3,3,"PLAY-020, PLAY-021",no,"6.3, D12",Rows carry language; each language replays and upserts only its own cards.,"The outbox flushes games before review_log across all languages
A pull splits rows into user:{userId}:{code}
cards upserts set log_count to that language's row count
Level reads and upserts language_settings on (user_id, language)"
PLAY-024,Add the Chi è? compatibility test,To do,Database and sync,test,Sprint 3: Merged site on staging,Day 8,Tue Nov 3,2,PLAY-021,no,"5.2, 10.2",Chi è?'s chie-launch sync code runs against the migrated schema in CI.,"A pinned copy of the chie-launch sync code lives in e2e/compat
It uploads games and review_log, pulls, and upserts cards without errors
The test runs in CI on every push"
PLAY-025,Combine the save-guest prompt and multi-language sign-out,To do,Accounts and storage,story,Sprint 3: Merged site on staging,Day 8,Tue Nov 3,2,"PLAY-017, PLAY-023",no,"2, 6.3, D15, D16","As a guest who played both games, I decide once whether to keep my progress.","With guest data in both: Save your Italian and Chinese progress to this account?
With one: Save your Italian progress to this account? or Save your Chinese progress to this account?
Sign-out clears user:{userId}:* for every language and keeps settings:* and app
The unsynced warning counts queued rows of every language"
PLAY-026,"Test separation across storage, sync and Progress",To do,Quality and performance,test,Sprint 3: Merged site on staging,Day 9,Wed Nov 4,2,PLAY-023,no,"3.4, 10.2",Mixed it and zh rows never reach the other language.,"fast-check runs mixed rows through storage, sync merge, replay and Progress selectors
Each language sees only its own rows (3.4.1)
Every review_log row points at a game of its language (3.4.2)"
PLAY-027,Build the language picker at /languages,To do,Picker and shared screens,story,Sprint 3: Merged site on staging,Day 9,Wed Nov 4,3,"PLAY-017, PLAY-016",no,"2, 8.1, 8.3","As a new visitor, I choose which language to play.","Heading Choose a language and one card per registry entry in registry order
Each card shows the title with its lang, pinyin under 谁？, the English name, level and blurb
A language with a saved round shows Continue round on its card
Fits 360 × 560 with no scroll; side by side from 1024 px, at most 480 px each"
PLAY-028,Add Change language and the Progress language switch,To do,Picker and shared screens,story,Sprint 3: Merged site on staging,Day 9,Wed Nov 4,2,PLAY-027,no,"8.1, 2","As a learner of both languages, I move between them from Home and Progress.","Every language Home shows Change language linking to /languages and the English name under the title
Progress shows one segmented button per language, the current one pressed
Switching navigates to /{other}/progress"
PLAY-029,Merge Settings into one page with per-language sections,To do,Picker and shared screens,story,Sprint 3: Merged site on staging,Day 9,Wed Nov 4,2,PLAY-023,no,"8.1, D12","As a learner, I set each language's level and options in one place.","Account section first, then one section per language, then the privacy link
Each language section shows its level and its device settings
Chinese shows Show pinyin at Level 2"
PLAY-030,Write the shared privacy note,To do,Picker and shared screens,task,Sprint 3: Merged site on staging,Day 11,Fri Nov 6,1,,no,"8.1, 9, 6.3",One note for the whole site at /privacy.,"Says one account covers every language and deleting it deletes every language's progress
Gives privacy@parlaplay.games and lists Supabase, Cloudflare, AWS SES and Sentry
Says guest data can be cleared by Safari"
PLAY-031,Switch the sign-in email to parlaplay,To do,Vendors and email,chore,Sprint 3: Merged site on staging,Day 9,Wed Nov 4,1,"PLAY-002, PLAY-022",no,"6.3, D19","The neutral template and subject on staging, ready for production.","Subject Your parlaplay sign-in code
Body matches the spec 6.3 template
Template committed to supabase/templates and applied to staging"
PLAY-032,Point previews at parlaplay-staging,To do,Database and sync,chore,Sprint 3: Merged site on staging,Day 9,Wed Nov 4,1,"PLAY-022, PLAY-014",no,"6, 9",Workers Builds preview builds use the staging URL and publishable key.,"A pull request preview signs in against parlaplay-staging
No preview build contains production settings"
PLAY-033,Add the not-found screens,To do,Picker and shared screens,story,Sprint 3: Merged site on staging,Day 9,Wed Nov 4,1,PLAY-017,no,"2, 8.1","As a visitor on a wrong link, I find my way back.","/fr shows We don't have that language yet. with Choose a language
Any other unknown path shows Page not found. with Go home"
PLAY-034,Create the parlaplay Sentry project with language tags,To do,Quality and performance,chore,Sprint 3: Merged site on staging,Day 11,Fri Nov 6,1,PLAY-016,no,"9, D18",One Sentry project replaces the two game projects.,"Every event has a language tag of it, zh or none
URLs are scrubbed of query strings and fragments
The setting that prevents storing IP addresses is on"
PLAY-035,Build /import with validation and merge,To do,Handoff and redirects,story,Sprint 3: Merged site on staging,Day 10,Thu Nov 5,3,"PLAY-020, PLAY-006",no,"5.3, D9","As a Chi è? guest arriving from the old address, my progress is waiting for me.","The fragment is removed from the address bar before anything else
Data is validated with Zod and every row gets language it
Rows merge into guest:it by id; a second import adds nothing
Outbox rows flush only when the same user signs in
Failure shows We couldn't bring your progress over. with Try again and Start fresh"
PLAY-036,Build the chie handoff page Worker,To do,Handoff and redirects,task,Sprint 3: Merged site on staging,Day 10,Thu Nov 5,3,PLAY-035,no,"5.3, 5.4, D10",handoff/ serves only the move page at chie.parlaplay.games.,"With no Chi è? data it redirects to parlaplay.games/it plus the mapped path
With data it shows Chi è? has moved to parlaplay.games. Bringing your progress… and navigates to /import
It never reads the Supabase session and never deletes Chi è? data"
PLAY-037,Test the handoff end to end,To do,Handoff and redirects,test,Sprint 3: Merged site on staging,Day 10,Thu Nov 5,2,PLAY-036,no,"5.3, 10.2",Playwright with a seeded chi-e database at a second origin.,"Seeded rows appear in /it/progress after the handoff
A 500 KB payload works in Chromium and WebKit
Damaged data shows the failure screen and saves nothing"
PLAY-038,Write the platform e2e suite,To do,Quality and performance,test,Sprint 3: Merged site on staging,Day 10,Thu Nov 5,3,"PLAY-025, PLAY-027, PLAY-028, PLAY-033",no,10.2,The E2E row of spec 10.2 for the platform.,"First visit to / shows the picker; choosing zh then reloading / opens /zh
A full round in each language; both saved rounds survive switching
Sign-in with guest data in both languages shows the combined prompt and uploads both
Sign-out clears both; /fr shows the not-found screen"
PLAY-039,Run the accessibility and real-device pass,To do,Quality and performance,test,Sprint 3: Merged site on staging,Day 11,Fri Nov 6,2,"PLAY-027, PLAY-035",no,"9, 10.2, 8.3",The Manual row of spec 10.2 for the platform screens.,"Picker fits 360 × 560 on a real iPhone and Android phone
Touch targets at least 44 × 44 px on the picker, Settings and /import
LCP under 2.5 s on Lighthouse mobile for /languages, /it and /zh"
PLAY-040,Deploy the playtest build to staging,To do,Playtest and fixes,chore,Sprint 3: Merged site on staging,Day 10,Thu Nov 5,1,"PLAY-038, PLAY-032",no,10.4,A stable staging build for Friday's playtests.,"main deployed to the staging preview URL
Both games and sign-in work there"
PLAY-041,Run the playtests on staging,To do,Playtest and fixes,test,Sprint 3: Merged site on staging,Day 11,Fri Nov 6,3,PLAY-040,yes,10.2,"Shéi's planned playtest plus one Chi è? player, on the merged site.","3 or more HSK 1 learners play as Shéi spec 10.2 says
One Chi è? player plays a round and confirms nothing regressed
Every confusing string and bug logged"
PLAY-042,Triage the playtest findings,To do,Playtest and fixes,task,Sprint 3: Merged site on staging,Day 11,Fri Nov 6,1,PLAY-041,no,10.4,Sort findings into must-fix and later.,"Each finding is must-fix or moved to section 11 of the right spec
Each must-fix finding is an issue in the Sprint 4 milestone"
PLAY-043,Fix the first must-fix findings,To do,Playtest and fixes,task,Sprint 4: Fix and launch,Day 12,Mon Nov 9,5,PLAY-042,no,10.4,Work the must-fix list from the top.,"The highest-priority must-fix findings fixed with tests
CI green"
PLAY-064,Draw the parlaplay logo,To do,Picker and shared screens,chore,Sprint 4: Fix and launch,Day 12,Mon Nov 9,1,,no,"8.4, D23","Speech bubble and stroke-drawn wordmark, drawn by a script so it can be redrawn.","scripts/logo.py writes src/core/ui/logo.svg and src/core/ui/logo-mark.svg
Reads on bg-white and bg-stone-50
Full logo at most 140 px wide at 28 px tall; both files under 1.2 KB"
PLAY-065,"Show the logo top left on every screen, linking to /",To do,Picker and shared screens,story,Sprint 4: Fix and launch,Day 12,Mon Nov 9,3,"PLAY-064, PLAY-027, PLAY-028, PLAY-033",no,"8.4, 8.3, D23","As a player on any screen, I tap the parlaplay logo to go home.","One shared Logo component: a plain Link to / around an img with alt parlaplay home, hit area at least 44 × 44 px
Placed per the 8.4 table on phone and desktop, including the game TopBar (the mark alone on phones); absent on /import
DesktopNav's parlaplay fallback link removed
The picker still fits 360 × 560 with no scroll; the game TopBar stays 56 px tall at 360 px wide
E2E: from /it/play mid-round, the logo opens /it showing Continue round; from /zh/progress it opens the last language chosen"
PLAY-044,Fix the remaining must-fix findings,To do,Playtest and fixes,task,Sprint 4: Fix and launch,Day 13,Tue Nov 10,5,PLAY-043,no,10.4,Finish the must-fix list.,"Every must-fix finding closed
CI green"
PLAY-045,Retest fixes on real phones,To do,Playtest and fixes,test,Sprint 4: Fix and launch,Day 14,Wed Nov 11,2,PLAY-044,no,10.2,Repeat the manual pass for every screen a fix touched.,"Each fix checked on a real iPhone and Android phone
Results logged"
PLAY-046,Write the launch-hour runbook,To do,Launch and cleanup,task,Sprint 4: Fix and launch,Day 14,Wed Nov 11,2,PLAY-022,no,"5.2, 10.4","Every launch step in order, with the check after each and how to roll back.","Steps match spec 10.4 day 16 in order
Each step names its check and its rollback
Rollback restores chie.parlaplay.games to Chi è? within 10 minutes"
PLAY-047,Rehearse migration 1 on a copy of production,To do,Launch and cleanup,test,Sprint 4: Fix and launch,Day 15,Thu Nov 12,3,"PLAY-022, PLAY-046",no,"6.2, 10.4",Load a production dump into staging and run migration 1 there.,"Row counts before and after match for profiles, games, review_log and cards
Every row has language it
The compatibility test passes against the rehearsed database
The dump is deleted from every machine afterwards"
PLAY-048,Write the README,To do,Launch and cleanup,task,Sprint 4: Fix and launch,Day 15,Thu Nov 12,2,PLAY-016,no,10.3,"How to run, test, deploy, add a language and apply migrations.","Covers run, test, deploy and the migration order local, staging, production
Adding a language: registry entry, module folder, one languages row"
PLAY-049,Sweep the definition of done,To do,Launch and cleanup,task,Sprint 4: Fix and launch,Day 15,Thu Nov 12,1,"PLAY-045, PLAY-047, PLAY-048",no,10.3,Check every 10.3 box that can be checked before launch.,"Every pre-launch 10.3 item checked with a link to its evidence
Launch-day items listed in the runbook"
PLAY-050,Apply migration 1 to production,To do,Launch and cleanup,chore,Sprint 4: Fix and launch,Day 16,Fri Nov 13,1,"PLAY-047, PLAY-049",no,"6.2, 5.2",First step of the launch hour.,"supabase db push applies migration 1 to parlaplay-prod
Row counts match the rehearsal's checks"
PLAY-051,Deploy parlaplay.games and the handoff Worker,To do,Launch and cleanup,chore,Sprint 4: Fix and launch,Day 16,Fri Nov 13,2,"PLAY-050, PLAY-036",no,"5.3, 9",Production deploy of main and of handoff/.,"parlaplay.games serves the picker, /it and /zh from main
chie.parlaplay.games serves only the handoff page"
PLAY-052,Turn on redirects and the parlaplay sender,To do,Launch and cleanup,chore,Sprint 4: Fix and launch,Day 16,Fri Nov 13,1,"PLAY-051, PLAY-031, PLAY-001",no,"5.4, 6.3",Redirect rules and the production email settings.,"shei.parlaplay.games/* and www.parlaplay.games/* return 301 to the spec 5.4 targets
Production sends from hello@parlaplay.games with the parlaplay template
A sign-in code email reaches an address outside the team"
PLAY-053,Verify the launch on real phones,To do,Launch and cleanup,test,Sprint 4: Fix and launch,Day 16,Fri Nov 13,1,PLAY-052,no,10.3,The launch-day checks of 10.3.,"A full round of each game on a real iPhone and Android phone
A real Chi è? guest's progress arrives through the handoff on Safari iOS
Sentry receives a test error tagged language with no fragment"
PLAY-054,Apply migration 2 after old clients stop,To do,Launch and cleanup,chore,Sprint 5: Cleanup,Day 17,Fri Nov 27,2,PLAY-050,no,"6.2, D8",Remove the compatibility defaults and profiles.level.,"Supabase logs show no chie-launch client sync for 7 days
Migration 2 applied local, staging, then production
The compatibility test is removed from CI in the same pull request"
PLAY-055,Archive the Italian and Chinese repos,To do,Launch and cleanup,chore,Sprint 5: Cleanup,Day 17,Fri Nov 27,1,PLAY-051,no,"10.3, D4",Point both old repos at the new one and archive them.,"Each README's first line points to jennarbates/parlaplay
Both repos archived on GitHub"
